country,year,life_expectancy,forest_pct,urban_pct
Afghanistan,2023,66.035,1.85278199408184,25.4730529631167
Africa Eastern and Southern,2023,65.1462279163724,NA,37.7723012408349
Africa Western and Central,2023,58.8557398136649,NA,52.2829081872902
Albania,2023,79.602,28.7919708029197,58.2106086137857
Algeria,2023,76.261,0.830314224054683,74.732808364138
American Samoa,2023,72.852,85.2,81.3721542708222
Andorra,2023,84.041,34.0425531914894,88.8201609217082
Angola,2023,64.617,52.0912696719339,69.8515032220457
Antigua and Barbuda,2023,77.598,18.0134090909091,24.4500156687422
Arab World,2023,72.4446783578531,NA,59.569940800309
Argentina,2023,77.395,10.3212951412107,92.1945132257907
Armenia,2023,77.4658536585366,11.6183158247114,65.6956882008852
Aruba,2023,76.353,2.33333333333333,61.8351492675589
Australia,2023,83.0512195121951,17.4213145571644,87.4866955653765
Austria,2023,81.7926829268293,47.2402653902084,69.2265358276021
Azerbaijan,2023,74.429,14.1119540229885,58.5075350483702
"Bahamas, The",2023,74.552,50.9350649350649,81.3213799173676
Bahrain,2023,81.284,0.95,100
Bangladesh,2023,74.672,14.4899215263887,32.1578465036834
Barbados,2023,76.178,14.6511627906977,59.4235740235775
Belarus,2023,74.1837804878049,43.4080686559958,78.8146420666327
Belgium,2023,82.4,22.604446776415,87.551492636772
Belize,2023,73.566,54.5186321788689,41.9459437504976
Benin,2023,60.774,26.4734835047889,51.7457922964593
Bermuda,2023,82.309,18.5185185185185,100
Bhutan,2023,72.975,71.60513896172,41.7352457989939
Bolivia,2023,68.581,46.3457431920982,70.9151414044538
Bosnia and Herzegovina,2023,77.85,42.7326171875,51.5657239834305
Botswana,2023,69.163,26.2908263194114,67.0212655349864
Brazil,2023,75.848,58.9818729765235,87.6159710235763
British Virgin Islands,2023,77.276,24.1333333333333,55.6407774494219
Brunei Darussalam,2023,75.327,72.1062618595825,74.8199193881365
Bulgaria,2023,75.7560975609756,36.2196020633751,73.7322671584613
Burkina Faso,2023,61.092,22.172514619883,27.7872478365158
Burundi,2023,63.651,10.8894080996885,23.5534768372276
Cabo Verde,2023,76.059,11.5682382133995,75.9064245753376
Cambodia,2023,70.668,43.0619759800589,40.6290788072508
Cameroon,2023,63.7,42.6741130925938,55.1286878511388
Canada,2023,81.6263414634146,39.4617117321106,82.5250564408346
Caribbean small states,2023,73.1716450013098,NA,50.1020889305245
Cayman Islands,2023,80.358,52.4720833333333,100
Central African Republic,2023,57.408,35.6560403223217,43.6983692134165
Central Europe and the Baltics,2023,77.7580384683685,NA,61.69707902806
Chad,2023,55.069,3.16103105146125,26.3305395171046
Channel Islands,2023,81.1,NA,32.7554337975051
Chile,2023,81.167,25.0116461113584,88.8158617217972
China,2023,77.953,24.031938995825598,65.5301448035523
Colombia,2023,77.725,52.7661596214511,78.275571579544
Comoros,2023,66.777,16.9801182160129,33.1502180946901
"Congo, Dem. Rep.",2023,61.895,54.1898572594341,44.3754734892194
"Congo, Rep.",2023,65.772,64.1317715959004,63.6626757615625
Costa Rica,2023,80.799,60.3991382687035,78.8819393641702
Cote d'Ivoire,2023,61.944,7.85551603773585,53.4075201638704
Croatia,2023,78.4731707317073,34.785739814153,57.2431560672198
Cuba,2023,78.085,31.233140655106,77.1259872296321
Curacao,2023,76.8,0.157657657657658,91.4080929292235
Cyprus,2023,81.648,18.6655844155844,66.6739477522639
Czechia,2023,79.8268292682927,34.7623883740408,72.7352388396817
Denmark,2023,81.7536585365854,15.7815,88.552638542867
Djibouti,2023,65.987,0.260724762726488,72.8408245988921
Dominica,2023,71.132,63.8266666666667,73.1105011438027
Dominican Republic,2023,73.72,44.9887775472934,72.3577991823338
Early-demographic dividend,2023,71.7962449795855,NA,47.0167430983708
East Asia & Pacific,2023,76.6572021082574,NA,64.0244370902805
East Asia & Pacific (excluding high income),2023,75.8806830895266,NA,61.2276463501262
East Asia & Pacific (IDA & IBRD countries),2023,75.9085643603807,NA,61.1991011324118
Ecuador,2023,77.392,49.5450958286359,63.1307729554263
"Egypt, Arab Rep.",2023,71.633,0.0451855944547692,42.7098115041919
El Salvador,2023,72.099,27.5279922779923,74.6080675149903
Equatorial Guinea,2023,63.707,86.3935828877005,71.1290664883517
Eritrea,2023,68.624,8.63010013352237,34.696403503418
Estonia,2023,78.7926829268293,57.0652937046572,70.6770085523126
Eswatini,2023,64.123,29.1389534883721,25.8081878500755
Ethiopia,2023,67.315,14.9308975782695,23.0586471557617
Euro area,2023,82.2555207096815,NA,77.2759599495269
Europe & Central Asia,2023,78.3911328035275,NA,73.8432014952513
Europe & Central Asia (excluding high income),2023,74.7901887741185,NA,68.1621549417313
Europe & Central Asia (IDA & IBRD countries),2023,74.6977585417017,NA,68.9599237310861
European Union,2023,81.4249329538218,NA,74.8943502719612
Faroe Islands,2023,82.9521195121951,0.0583941605839416,39.1975270123645
Fiji,2023,67.316,63.4953475643131,58.6069049738768
Finland,2023,81.5853658536585,73.7235162521384,74.0062548602828
Fragile and conflict affected situations,2023,63.3499447771075,NA,45.7781084821062
France,2023,82.8317073170732,32.4764820484275,78.7804323126547
French Polynesia,2023,84.07,43.0596369922213,61.6967135028569
Gabon,2023,68.337,91.1823650405558,91.6375962797313
"Gambia, The",2023,65.86,22.2792391304348,63.8020182456108
Georgia,2023,74.496,40.6159159591308,60.7523077799724
Germany,2023,81.0414634146342,32.6789342643734,81.9034366692129
Ghana,2023,65.498,35.1921958573042,57.8074737774654
Gibraltar,2023,83.553,0,100
Greece,2023,81.7365853658537,30.2699767261443,78.7746303842088
Greenland,2023,70.9724390243902,5.35997076379583e-4,88.0631147749908
Grenada,2023,75.205,52.0588235294118,36.462128238584
Guam,2023,77.209,51.8518518518518,94.1349341638921
Guatemala,2023,72.602,32.5961179544606,55.6082319565539
Guinea,2023,60.74,24.6988442129253,37.6454083954705
Guinea-Bissau,2023,64.085,69.5124466571835,45.5923843383789
Guyana,2023,70.18,87.0878369802027,26.4651457279878
Haiti,2023,64.936,12.2630624092888,54.4496819335618
Heavily indebted poor countries (HIPC),2023,64.7159155608789,NA,37.3896717239115
High income,2023,80.1496259588259,NA,80.0174997946605
Honduras,2023,72.884,56.2732147645008,58.3132392705102
"Hong Kong SAR, China",2023,85.2473170731707,NA,100
Hungary,2023,76.5707317073171,22.4484341442034,70.2923026891431
IBRD only,2023,74.5179789642607,NA,58.0307470483158
Iceland,2023,82.4560975609756,0.528744421303184,94.1518261784801
IDA & IBRD total,2023,71.9985367096848,NA,53.0808012257073
IDA blend,2023,62.4621643327349,NA,48.1773673159897
IDA only,2023,67.0538393822484,NA,35.9657912741954
IDA total,2023,65.4535271943526,NA,40.2218272005988
India,2023,72.003,24.5390304689576,35.0676918424186
Indonesia,2023,71.146,47.7220336902463,58.1179353397878
"Iran, Islamic Rep.",2023,77.654,6.64923611710324,76.6759567260742
Iraq,2023,72.324,1.90035242899592,69.868278503418
Ireland,2023,82.8073170731707,11.5259108724053,64.1152082461268
Isle of Man,2023,80.999,6.07017543859649,52.1832571730182
Israel,2023,83.1951219512195,6.46950092421442,91.5089569794505
Italy,2023,83.3512195121951,32.8944947923712,69.5381540123301
Jamaica,2023,71.479,56.190757156048,58.4510149367429
Japan,2023,84.0412195121951,68.3957811364628,92.0826903891473
Jordan,2023,77.814,1.09804716534901,92.682236868336
Kazakhstan,2023,74.402,1.31214516427751,61.7560919499181
Kenya,2023,63.646,6.21662477880402,31.6330340816429
Kiribati,2023,66.473,1.45679012345679,61.5244676194408
"Korea, Dem. People's Rep.",2023,73.642,49.5507017689561,63.5382165423021
"Korea, Rep.",2023,83.4292682926829,64.108606557377,81.1645551720421
Kosovo,2023,78.033,NA,49.1105579101515
Kuwait,2023,83.1878048780488,0.350729517396184,100
Kyrgyz Republic,2023,72.2487804878049,7.14337851929093,34.706439175362
Lao PDR,2023,68.964,71.4558058925477,38.8070088517156
Late-demographic dividend,2023,77.1240563291033,NA,66.9097067880547
Latin America & Caribbean,2023,75.6435273174016,NA,81.0435031476023
Latin America & Caribbean (excluding high income),2023,75.4986013301867,NA,80.5262275066979
Latin America & the Caribbean (IDA & IBRD countries),2023,75.5699258379688,NA,81.0398075940594
Latvia,2023,75.4268292682927,54.9959826450265,68.358631634306093
Least developed countries: UN classification,2023,66.5161082750607,NA,35.6959352473229
Lebanon,2023,77.817,14.1867057673509,90.4524074197598
Lesotho,2023,57.375,1.13702239789196,42.6781596804785
Liberia,2023,62.163,78.1422342192691,54.997863482224
Libya,2023,69.339,0.123327687918433,87.8647197919848
Liechtenstein,2023,84.5951219512195,41.875,14.6783761234077
Lithuania,2023,77.290243902439,35.2301501597444,68.575454583199
Low & middle income,2023,71.9735329954044,NA,52.9287910725292
Low income,2023,64.5179111025439,NA,36.8047741771747
Lower middle income,2023,69.5963746571515,NA,41.2145785460972
Luxembourg,2023,83.309756097561,34.4538272103664,94.8015300320787
"Macao SAR, China",2023,83.1804878048781,NA,100
Madagascar,2023,63.632,21.2962600550017,31.9799438860946
Malawi,2023,67.353,22.4406024607552,16.9748746665356
Malaysia,2023,76.657,57.7190381981434,76.4434752105739
Maldives,2023,81.041,2.75167785234899,41.5096832933973
Mali,2023,60.439,10.896663634352,31.0031889023235
Malta,2023,83.3560975609756,1.4375,95.6272277147965
Marshall Islands,2023,66.945,52.2222222222222,78.3593928884282
Mauritania,2023,68.484,0.287611138061512,59.7142464747058
Mauritius,2023,73.4121951219512,19.4742113169755,39.0039901092226
Mexico,2023,75.069,33.5959176419147,79.4734935748046
"Micronesia, Fed. Sts.",2023,67.198,92.1571428571429,22.4334012451903
"Middle East, North Africa, Afghanistan & Pakistan",2023,72.0838364704563,NA,55.4304551226559
"Middle East, North Africa, Afghanistan & Pakistan (excluding high income)",2023,71.2758849884582,NA,52.4233912654293
"Middle East, North Africa, Afghanistan & Pakistan (IDA & IBRD)",2023,71.3194560888195,NA,52.1776709218643
Middle income,2023,72.7427166791526,NA,54.5922781552452
Moldova,2023,71.198,11.7370179167932,43.0011825561523
Monaco,2023,86.372,0,100
Mongolia,2023,72.1224390243902,9.09172405879304,70.4464492797852
Montenegro,2023,77.5878048780488,61.4869888475836,65.4731667624849
Morocco,2023,75.313,12.9371068787811,62.673750838878
Mozambique,2023,63.611,45.8130349195046,35.7149783148407
Myanmar,2023,66.889,42.4023779245254,30.3820718069466
Namibia,2023,67.385,7.80511120018463,49.9545837830821
Nauru,2023,62.109,0,100
Nepal,2023,70.354,41.5907220090687,66.5432933453944
Netherlands,2023,81.8634146341464,11.0574428274428,95.3221682092129
New Caledonia,2023,78.766,45.8271334792123,67.751522311337
New Zealand,2023,81.7585365853659,37.7892841137822,83.8898991461229
Nicaragua,2023,74.947,25.8229183978727,59.1250953674316
Niger,2023,61.183,0.822957290597616,17.7506873295237
Nigeria,2023,54.462,23.2078900271199,62.1746763155343
North America,2023,78.7306687358934,NA,80.3358741691711
North Macedonia,2023,75.3160975609756,39.7101506740682,62.2518322545779
Northern Mariana Islands,2023,78.808,52.9565217391304,91.9754112887573
Norway,2023,83.0121951219512,33.5009745518434,83.0718560702166
OECD members,2023,80.1629177851037,NA,81.0542645072705
Oman,2023,80.031,0.00762261712439418,79.5702973228932
Other small states,2023,73.5849815358082,NA,54.7413384725346
Pacific island small states,2023,69.2745949035856,NA,40.2526358335376
Pakistan,2023,67.649,4.67242631797426,38.8191861872791
Palau,2023,69.269,90.5434782608696,79.1531991438847
Panama,2023,79.594,56.3439727689404,65.8601271176084
Papua New Guinea,2023,66.134,78.9541359360509,15.0581017891206
Paraguay,2023,73.844,38.5449252640128,69.3466081733694
Peru,2023,77.74,56.103020234375,84.7810255849745
Philippines,2023,69.833,24.4600731126539,55.1242716168851
Poland,2023,78.2585365853659,31.0804192379273,59.8859561370214
Portugal,2023,82.3292682926829,36.154994891142,61.2048652633664
Post-demographic dividend,2023,80.8341681111503,NA,81.0611183167151
Pre-demographic dividend,2023,62.163638519596,NA,44.9432746652763
Puerto Rico (US),2023,81.69,56.1217587373168,94.1774359275881
Qatar,2023,82.368,0,99.2835325193835
Romania,2023,76.4048780487805,30.1158292767733,52.1645747011867
Russian Federation,2023,73.2546341463415,49.7843605035639,74.9805047873279
Rwanda,2023,67.785,11.3092825293879,28.8555310645477
Samoa,2023,71.698,57.636690647482,17.5012799804602
San Marino,2023,85.706,16.6666666666667,97.1317310361655
Sao Tome and Principe,2023,69.718,52.125,68.6043921103568
Saudi Arabia,2023,78.732,0.454484134921779,84.2962388315415
Senegal,2023,68.683,41.2827091881785,54.6992276190794
Serbia,2023,76.1414634146341,32.3896349149721,62.1434649229738
Seychelles,2023,75.419512195122,73.2608695652174,45.0971081321658
Sierra Leone,2023,61.786,34.2988362427265,44.809324991151
Singapore,2023,83.0975609756098,20.933147632312,100
Sint Maarten (Dutch part),2023,76.371,10.8823529411765,100
Slovak Republic,2023,78.119512195122,40.05615640599,53.190805019646
Slovenia,2023,81.9292682926829,61.1748938389332,55.5378927789875
Small states,2023,72.9130400157843,NA,51.7493987022104
Solomon Islands,2023,70.528,90.0600214362272,30.0088821088389
"Somalia, Fed. Rep.",2023,58.816,9.16528517231485,54.0714435506882
South Africa,2023,66.139,13.965072665672,63.5823705163545
South Asia,2023,72.3247648783903,NA,35.137165500664
South Asia (IDA & IBRD),2023,72.3247648783903,NA,35.137165500664
South Sudan,2023,57.617,11.3256215087114,21.0737755279692
Spain,2023,83.9341463414634,37.1925889548355,80.128491001856
Sri Lanka,2023,77.483,34.0048496605238,20.1455348442463
St. Kitts and Nevis,2023,72.145,42.3076923076923,31.7007809622822
St. Lucia,2023,72.697,34.0491803278688,29.0976313248036
St. Martin (French part),2023,80.224,24.8,100
St. Vincent and the Grenadines,2023,71.23,73.1794871794872,47.7169922340041
Sub-Saharan Africa,2023,62.6028583619521,NA,43.6392284682928
Sub-Saharan Africa (excluding high income),2023,62.0653637736909,NA,45.980688615295
Sub-Saharan Africa (IDA & IBRD countries),2023,62.6028583619521,NA,43.6392284682928
Sudan,2023,66.331,9.55196466809422,34.7960076976764
Suriname,2023,73.631,94.44758351333,65.7562408447266
Sweden,2023,83.309756097561,68.7013529108454,88.631216160938
Switzerland,2023,84.1560975609756,32.3827380818297,85.1854212679815
Syrian Arab Republic,2023,72.12,2.84310842454937,72.1673803143204
Tajikistan,2023,71.79,3.07514950644859,26.1890127571429
Tanzania,2023,66.995,50.0541883043576,35.4748019434954
Thailand,2023,76.412,38.6873886746658,60.9341926574707
Timor-Leste,2023,67.689,61.6610625420309,28.595471832952
Togo,2023,62.74,22.0700496414782,43.2496853032436
Tonga,2023,72.895,12.4305555555556,21.147944541337
Trinidad and Tobago,2023,73.49,44.2358674463938,53.9536842104572
Tunisia,2023,76.508,4.55278063851699,70.0266686486584
Turkiye,2023,77.156,29.4795681041539,89.0218446796121
Turkmenistan,2023,70.073,8.78215904496414,47.0678875054171
Turks and Caicos Islands,2023,78.008,11.0736842105263,93.9324513656818
Tuvalu,2023,67.105,33.3333333333333,64.0117206689787
Uganda,2023,68.252,11.0419703770197,30.6059359395495
Ukraine,2023,73.422,16.7552640662755,69.4754455027606
United Arab Emirates,2023,82.909,4.46775556181357,85.6680699002526
United Kingdom,2023,81.2380975609756,13.2907130161617,83.1601932891335
United States,2023,78.3853658536585,33.8669264120375,80.071561119178
Upper middle income,2023,76.1947274320673,NA,69.2696280991238
Uruguay,2023,78.138,11.9643469317792,95.5439605712891
Uzbekistan,2023,72.388,8.54914331101781,50.9964841114568
Vanuatu,2023,71.477,36.2838392124692,22.2651966823901
"Venezuela, RB",2023,72.514,52.2338793719177,89.249627620225
Viet Nam,2023,74.588,47.4454820708996,38.1298904418945
Virgin Islands (U.S.),2023,80.519512195122,58.1714285714286,95.2740790945924
West Bank and Gaza,2023,65.17,1.68298755186722,86.8576870415886
World,2023,73.3288401042825,NA,57.3099507018106
"Yemen, Rep.",2023,69.295,1.03983180862549,36.5707979836506
Zambia,2023,66.349,59.523784150984,45.0285853521585
Zimbabwe,2023,62.775,44.7366421093447,39.2919370795795
